行號,學校名稱,學校地址,網上／不設限額派表,「一人不佔多位」措施,經教育局發放K1-K3學位空缺資訊
1             ,安基司國際幼兒園,新界大埔紅林路1號滌濤山幼稚園校舍,Y,N,N
2             ,嘉德麗中英文幼稚園,新界沙田第一城34，35及36座地下,Y,N,N
3             ,啟思幼稚園,九龍九龍塘律倫街6號地下,Y,N,Y
4             ,德望小學暨幼稚園,九龍扎山道381-383號,Y,N,N
5             ,樂沛兒幼稚園,九龍窩打老道65-65D號年豐樓地下B2舖，1樓及2樓,Y,N,N
6             ,樂沛兒幼稚園 - 柴灣,香港柴灣泰民街14號康翠臺第7座地下低層部分及平台,Y,N,N
7             ,匯成勞士施羅孚伉儷慈善基金幼稚園,九龍尖沙咀廣東道188號港景滙商場1樓119-121號舖,Y,N,Y
8             ,茵晴幼稚園,九龍九龍城福佬村道18號1樓B舖,N,N,Y
9             ,港島蒙特梭利國際幼稚園,香港天后廟道151-173號百福花園地下商業單位,Y,N,N
10         ,劍鳴幼稚園,九龍九龍塘金巴倫道13號地下,Y,N,N
11         ,九龍禮賢學校,九龍又一村石竹路2A號,Y,N,N
12         ,文娜雅拔幼稚園,九龍九龍塘金巴倫道43號,Y,N,N
13         ,楓葉小熊加拿大國際幼稚園（康城）,新界將軍澳康城路1號日出康城領都L1樓幼稚園,Y,N,Y
14         ,明雅國際幼兒學校,新界大埔新興花園地下,Y,N,N
15         ,民生書院幼稚園,九龍九龍城東寶庭道8號,Y,N,N
16         ,培僑國際幼稚園,新界沙田大涌橋路52號富豪花園商場2期1樓,Y,N,N
17         ,培僑國際幼稚園（碧濤花園）,新界沙田安景街23號碧濤花園第2期平台幼稚園,Y,N,N
18         ,高主教書院幼稚園部,香港北角建華街30號地下至2樓,Y,N,Y
19         ,右思維幼稚園,香港鴨脷洲海怡半島第4期第26-28座地下上層部份幼稚園校舍,Y,N,Y
20         ,聖公會幼稚園,香港銅鑼灣東院道7號,Y,N,N
21         ,聖若望英文書院,九龍九龍塘窩打老道109號地下至1樓,Y,N,N
22         ,宣道幼稚園,九龍蘭開夏道2號1樓部份及2樓部份,Y,N,N
23         ,朗思國際幼稚園,九龍藍田茶果嶺道99號麗港城第3期幼稚園校舍地下,Y,N,N
24         ,朗思國際幼稚園（馬鞍山）,新界沙田馬鞍山新港城廣場2樓幼稚園校舍（部份）,Y,N,N
25         ,盈思幼稚園,香港卑路乍街16-18號再輝大廈地下高層,Y,N,Y
26         ,英藝幼稚園,新界大埔翠樂街6號菁泉雅居地下入口大堂1樓10及11號舖,Y,N,N
27         ,英藝幼稚園（賞湖）,新界元朗天水圍天水圍市地段第２號餘段嘉湖山莊賞湖居地下,Y,N,N
28         ,英藝幼稚園（兆康）,新界屯門欣寶8號NOVO LAND NOVO WALK地下29號舖,Y,N,N
29         ,英藝幼稚園（將軍澳）,新界將軍澳至善街9號嘉悅地下7號舖部份及1樓部份,Y,N,N
