Net,DIST,Sch Code,SCH_NAME,HK1,HK2,HK3,HK4,KL1,KL2,KL3,KL4,KL5,NT1,NT2,NT3,NT4,NT5,NT6,NT7,NT8,NT9
HK1,CW,510408,英皇書院,Y,Y,Y,Y,,,,,,,,,,,,,,Y
HK1,CW,171018,樂善堂梁銶琚書院,Y,Y,,Y,,,,,,,,,,,,,,Y
HK1,CW,211265,高主教書院,Y,Y,,,,,,,,,,,,,,,,Y
HK1,CW,514020,聖嘉勒女書院,Y,,,Y,,,,,,,,,,,,,,
HK1,CW,510459,聖若瑟書院,Y,Y,,,,,,,,,,,,,,,,
HK1,CW,514101,聖類斯中學,Y,,,,,,,,,,,,,,,,,
HK1,CW,213195,聖士提反堂中學,Y,Y,,Y,,,,,,,,,,,,,,Y
HK1,CW,514268,聖士提反女子中學,Y,Y,Y,,,,,,,,,,,,,,,
HK1,CW,511030,英華女學校,Y,Y,Y,Y,,,,,,,,,,,,,,Y
HK2,WCH,511307,佛教黃鳳翎中學,Y,Y,Y,Y,,,,,,,,,,,,,,Y
HK2,WCH,170178,北角協同中學,Y,Y,Y,,,,,,Y,,,,,,,,,Y
HK2,WCH,213705,香港鄧鏡波書院,,Y,Y,Y,,,,,,,,,,,,,,
HK2,WCH,510386,何東中學,Y,Y,Y,Y,,,,,,,,,,,,,,Y
HK2,WCH,512869,瑪利曼中學,,Y,Y,,,,,,,,,,,,,,,
HK2,WCH,510432,皇仁書院,Y,Y,Y,Y,,,,,,,,,,,,,,Y
HK2,WCH,212725,聖公會鄧肇堅中學,Y,Y,Y,Y,,,,,,,,,,,,,,Y
HK2,WCH,514047,嘉諾撒聖方濟各書院,,Y,,,,,,,,,,,,,,,,Y
HK2,WCH,510998,聖保祿中學,,Y,Y,,,,,,,,,,,,,,,
HK2,WCH,510262,鄧肇堅維多利亞官立中學,Y,Y,,Y,,,,,,,,,,,,,,Y
HK2,WCH,623857,香港真光中學,Y,Y,Y,,,,,,,,,,,,,,,
HK2,WCH,170283,東華三院李潤田紀念中學,Y,Y,Y,Y,,,,,,,,,,,,,,Y
HK2,WCH,514802,香港華仁書院,,Y,Y,Y,,,,,,,,,,,,,,
HK3,HKE,510378,庇理羅士女子中學,Y,Y,Y,Y,Y,,,,,,,,,,,,,Y
HK3,HKE,133124,嘉諾撒書院,,,Y,,,,,,,,,,,,,,,
HK3,HKE,170216,中華基督教會桂華山中學,Y,Y,Y,,Y,Y,,,,,,,,,,,,Y
HK3,HKE,170186,張祝珊英文中學,,,Y,,,,,,,,,,,,,,,
HK3,HKE,170526,張振興伉儷書院,Y,Y,Y,,,,,,,,,,,,,,,
HK3,HKE,510033,金文泰中學,Y,Y,Y,Y,,,,,,,,,,,,,,
HK3,HKE,529990,中華傳道會劉永生中學,,,Y,,,,,,,,,,,,,,,
HK3,HKE,212431,文理書院（香港）,Y,Y,Y,,,,,,,,,,,,,,,
HK3,HKE,516961,炮台山循道衛理中學,Y,Y,Y,Y,,,,,,,,,,,,,Y,Y
HK3,HKE,524590,福建中學（小西灣）,,,Y,,,,,,,,,,,,,,,
HK3,HKE,511943,顯理中學,,Y,Y,,,,,,,,,,,,,,,Y
HK3,HKE,512079,漢華中學,Y,Y,Y,,,,,,,,,,,,,,,
HK3,HKE,215139,香港中國婦女會中學,,,Y,,,,,,,,,,,,,,,
HK3,HKE,522082,伊斯蘭脫維善紀念中學,Y,Y,Y,,Y,Y,Y,Y,Y,Y,Y,,,,,,,Y
HK3,HKE,211338,蘇浙公學,Y,Y,Y,Y,Y,Y,Y,Y,Y,Y,,,,Y,,,Y,Y
HK3,HKE,171000,嶺南衡怡紀念中學,Y,Y,Y,,,,,,,,,,,,,,,Y
HK3,HKE,171042,嶺南中學,Y,Y,Y,,,,,,,,,,,,,,,Y
HK3,HKE,170810,衞理中學,,,Y,,,,,,,,,,,,,,,
HK3,HKE,530018,港島民生書院,,,Y,,,,,,,,,,,,,,,
HK3,HKE,513300,寶血女子中學,Y,Y,Y,,,,,,,,,,,,,,,Y
HK3,HKE,513369,培僑中學,Y,Y,Y,,,,,,,,,,,,,,,
HK3,HKE,210528,慈幼英文學校,,Y,Y,,,,,,,,,,,,,,,Y
HK3,HKE,510440,筲箕灣官立中學,,Y,Y,,,,,,,,,,,,,,,
HK3,HKE,518395,聖公會李福慶中學,,Y,Y,,,,,,,,,,,,,,,Y
HK3,HKE,133469,聖貞德中學,Y,Y,Y,,,,,,,,,,,,,,,Y
HK3,HKE,514110,聖馬可中學,,,Y,,,,,,,,,,,,,,,
HK4,SOU,214485,香港仔浸信會呂明才書院,Y,Y,Y,Y,,,,,,,,,,,,,,Y
HK4,SOU,511102,香港仔工業學校,Y,Y,Y,Y,Y,Y,,,Y,,Y,,Y,Y,,,,Y
HK4,SOU,282758,明愛莊月明中學,Y,Y,,Y,,Y,,,,,,,,,,,,Y
HK4,SOU,260312,香港航海學校,Y,Y,Y,Y,Y,Y,Y,Y,Y,Y,Y,,,,Y,Y,Y,Y
HK4,SOU,512141,香港真光書院,Y,Y,,Y,,,,,,,,,,,,,,Y
HK4,SOU,316377,嘉諾撒培德書院,Y,Y,,Y,,,,,,,,,,,,,,Y
HK4,SOU,513407,培英中學,Y,Y,,Y,,,,,,,,,,,,,,Y
HK4,SOU,510203,嘉諾撒聖心書院,Y,,,Y,,,,,,,,,,,,,,
HK4,SOU,170615,新會商會陳白沙紀念中學,Y,Y,,Y,,,,,,,,,,,,,,Y
HK4,SOU,170690,聖公會呂明才中學,Y,,,Y,,,,,,,,,,,,,,
HK4,SOU,170267,聖伯多祿中學,Y,,,Y,,,,,,,,,,,,,,
HK4,SOU,214981,余振強紀念第二中學,Y,Y,,Y,,Y,,,,,,,,,,,,Y
KL1,YTM,170305,中華基督教會銘基書院,,,,,Y,Y,,,,,,,,,,,,
KL1,YTM,135712,基督教香港信義會信義中學,,,,,Y,Y,Y,,,,,,,,,,,
KL1,YTM,135011,港九潮州公會中學,,,,,Y,Y,Y,,,,,,,,,,,
KL1,YTM,131814,九龍三育中學,,,,,Y,Y,,,,,,,,,,,,
KL1,YTM,512605,麗澤中學,,,,,Y,Y,Y,,,,,,,,,,,
KL1,YTM,170437,世界龍岡學校劉皇發中學,,,,,Y,Y,Y,,,,,,,,,,,
KL1,YTM,510890,循道中學,,,,,Y,Y,Y,,,,,,,,,,,
KL1,YTM,212067,天主教新民書院,,,,,Y,Y,Y,,,,,,,,,,,
KL1,YTM,510424,伊利沙伯中學,,,,,Y,,Y,,,,,,,,,,,
KL1,YTM,536997,官立嘉道理爵士中學（西九龍）,Y,Y,Y,Y,Y,Y,Y,Y,Y,Y,Y,Y,Y,Y,Y,Y,Y,Y
KL1,YTM,133183,聖公會諸聖中學,,,,,Y,Y,Y,,,,,,,,,,,
KL1,YTM,210277,聖芳濟書院,,,,,Y,Y,Y,,,,,,,,,,,
KL1,YTM,514128,嘉諾撒聖瑪利書院,,,,,Y,,Y,,,,,,,,,,,
KL1,YTM,170631,真光女書院,,,,,Y,Y,,,,,,,,,,,,
KL1,YTM,510475,華仁書院（九龍）,,,,,Y,Y,Y,,,,,,,,,,,
KL2,SSP,170372,佛教大雄中學,,,,,,Y,,,,,,,,,,,,
KL2,SSP,170097,中華基督教會銘賢書院,,,,,Y,Y,,,,,,,,,,,,
KL2,SSP,170291,長沙灣天主教英文中學,,,,,,Y,,,,,,,,,,,,
KL2,SSP,134333,中聖書院,,,,,,Y,,,,,,,,,,,,
KL2,SSP,270024,廠商會中學,,,,,Y,Y,,,,,,,,,,,,
KL2,SSP,132756,路德會協同中學,,,,,Y,Y,,,Y,,,,,,,,,
KL2,SSP,170577,香港四邑商工總會黃棣珊紀念中學,,,,,Y,Y,,,Y,,,,,,,,,
KL2,SSP,213845,寶血會上智英文書院,,,,,,Y,,,Y,,,,,,,,,
KL2,SSP,510521,九龍工業學校,,,,,Y,Y,Y,,,,,,,,,,,
KL2,SSP,512834,瑪利諾神父教會學校,,,,,,Y,,,,,,,,,,,,
KL2,SSP,313076,天主教南華中學,,,,,Y,Y,Y,,,Y,,,,,,,,
KL2,SSP,170500,聖母玫瑰書院,,,,,,Y,,,Y,,,,,,,,,
KL2,SSP,519111,保良局唐乃勤初中書院,,,,,Y,Y,Y,Y,,Y,Y,,,,,Y,,Y
KL2,SSP,514144,聖公會聖馬利亞堂莫慶堯中學,,,,,Y,Y,Y,,,,,,,,,,,
KL2,SSP,170852,德貞女子中學,,,,,,Y,Y,,,,,,,,,,,
KL2,SSP,310042,德雅中學,,,,,,Y,Y,,,,,,,,,,,
KL2,SSP,170623,東華三院張明添中學,,,,,Y,Y,,,,,,,,,,,,
KL2,SSP,134724,滙基書院,,,,,Y,Y,,,,,,,,,,,,
KL2,SSP,131318,惠僑英文中學,,,,,Y,Y,Y,Y,,Y,,,,,,,,
KL3,KC,170100,何明華會督銀禧中學,,,,,,Y,Y,Y,Y,,,,,,,,,
KL3,KC,135968,迦密中學,,,,,,,Y,,,,,,,,,,,
KL3,KC,211990,中華基督教會基道中學,,,,,Y,,Y,,,,,,,,,,,
KL3,KC,170550,陳瑞祺（喇沙）書院,,,,,,,Y,,Y,,,,,,,,,
KL3,KC,214752,文理書院（九龍）,,,,,,,Y,Y,Y,,,,,,,,,
KL3,KC,170607,旅港開平商會中學,,,,,,Y,Y,,,,,,,,,,,
KL3,KC,170569,嘉諾撒聖家書院,,,,,,,Y,,,,,,,,,,,
KL3,KC,510394,何文田官立中學,,,,,Y,Y,Y,Y,Y,,Y,,,,,,Y,
KL3,KC,510092,賽馬會官立中學,,,,,Y,Y,Y,Y,Y,,,,,,,,Y,
KL3,KC,213764,九龍塘學校（中學部）,,,,,,Y,Y,Y,,,,,,,,,,
KL3,KC,130893,九龍真光中學,,,,,,,Y,Y,,,,,,,,,,
KL3,KC,512583,喇沙書院,,,,,Y,Y,Y,,,,,,,,,,,
KL3,KC,512818,瑪利諾修院學校（中學部）,,,,,,,Y,Y,,,,,,,,,,
KL3,KC,210536,民生書院,,,,,,,Y,,,,,,,,,,,
KL3,KC,322857,新亞中學,,,,,Y,,Y,,,,,,,,,,,
KL3,KC,212636,獻主會聖母院書院,,,,,,,Y,,,,,,,,,,,
KL3,KC,214426,五旬節中學,,,,,,,Y,,,,,,,,,,,
KL3,KC,513288,香港培道中學,,,,,Y,Y,Y,Y,,,,,,,,,,
KL3,KC,510912,香港培正中學,,,,,,,Y,,,,,,,,,,,
KL3,KC,170208,禮賢會彭學高紀念中學,,,,,,Y,Y,Y,,,,,,,,,,
KL3,KC,512915,創知中學,,,,,Y,Y,Y,Y,Y,Y,Y,,,,,,,
KL3,KC,283002,聖公會聖匠中學,,,,,Y,Y,Y,,,,,,,,,,,
KL3,KC,170666,聖公會聖三一堂中學,,,,,Y,,Y,,,,,,,,,,,
KL3,KC,170658,聖公會蔡功譜中學,,,,,Y,,Y,,,,,,,,,,,
KL3,KC,514276,德蘭中學,,,,,,,Y,,,,,,,,,,,
KL3,KC,170593,順德聯誼總會胡兆熾中學,,,,,,,Y,,,,,,,,,,,
KL3,KC,132209,鄧鏡波學校,,,,,Y,,Y,,,,,,,,,,,
KL3,KC,170380,基督教女青年會丘佐榮中學,,,,,,,Y,,,,,,,,,,,
KL3,KC,170089,東華三院黃笏南中學,,,,,Y,,Y,,,,,,,,,,,
KL3,KC,170313,華英中學,,,,,,,Y,,Y,,,,,,,,,
KL3,KC,213209,余振強紀念中學,,,,,,Y,Y,,,,,,,,,,,
KL4,WTS,214973,佛教孔仙洲紀念中學,,,,,,,Y,Y,,,,,,,,Y,,
KL4,WTS,170470,中華基督教會協和書院,,,,,,,Y,Y,,,,,,,,Y,,
KL4,WTS,510831,中華基督教會基協中學,,,,,,Y,Y,Y,,,,,,,,Y,,
KL4,WTS,511650,中華基督教會扶輪中學,,,,,Y,Y,Y,Y,,,,,,,,Y,,
KL4,WTS,527467,佛教志蓮中學,,,,,Y,Y,Y,Y,Y,,,,,Y,Y,Y,,
KL4,WTS,170046,彩虹邨天主教英文中學,,,,,,,Y,Y,,,,,,,,Y,,
KL4,WTS,170364,可立中學（嗇色園主辦）,,,,,,,Y,Y,,,,,,,,Y,,
KL4,WTS,170534,潔心林炳炎中學,,,,,,,Y,Y,,,,,,,,Y,,
KL4,WTS,170143,李求恩紀念中學,,,,,,,Y,Y,,,,,,,,Y,,
KL4,WTS,512710,樂善堂王仲銘中學,,,,,,,Y,Y,Y,,,,,,,Y,,
KL4,WTS,170453,樂善堂余近卿中學,,,,,,,Y,Y,,,,,,,,Y,,
KL4,WTS,170135,天主教伍華中學,,,,,,,Y,Y,,,,,,,,Y,,
KL4,WTS,131709,聖母書院,,,,,,,Y,Y,,,,,,,,Y,,
KL4,WTS,213292,五旬節聖潔會永光書院,,,,,,,Y,Y,,,,,,,,Y,,
KL4,WTS,541850,保良局何蔭棠中學,,,,,,,Y,Y,,,,,,,,,,
KL4,WTS,170461,保良局第一張永慶中學,,,,,,,Y,Y,,,,,,,,,,
KL4,WTS,170585,救世軍卜維廉中學,,,,,,,Y,Y,,,,,,,,Y,,
KL4,WTS,513997,聖公會聖本德中學,,,,,,,Y,Y,,,,,,,,Y,,
KL4,WTS,170402,聖文德書院,,,,,,,Y,Y,,,,,,,,Y,,
KL4,WTS,320609,香港神託會培敦中學,,,,,,,Y,Y,,,,,,,,Y,,
KL4,WTS,170496,德愛中學,,,,,,,Y,Y,,,,,,,,Y,,
KL5,KT,270172,佛教何南金中學,,,Y,,Y,,,,Y,,,,,,,,,
KL5,KT,512281,中華基督教會基智中學,,,,,,,,,Y,,,,,,,,,
KL5,KT,170704,中華基督教會蒙民偉書院,,,,,,,,,Y,,,,,,,,,
KL5,KT,215040,五邑司徒浩中學,,,,,,,Y,,Y,,,,,,,,,
KL5,KT,284955,香港聖公會何明華會督中學,,,,,,,,,Y,,,,,,,,,
KL5,KT,270121,香港布廠商會朱石麟中學,,,,,Y,,Y,,Y,,,,,,,,,
KL5,KT,170976,高雷中學,,,,,,,,,Y,,,,,,,,,
KL5,KT,510416,觀塘官立中學,,,,,,,,Y,Y,,,,,,,,Y,
KL5,KT,510114,觀塘功樂官立中學,,,,,,,,,Y,,,,,,,,Y,
KL5,KT,170518,觀塘瑪利諾書院,,,,,,,,,Y,,,,,,,,Y,
KL5,KT,170682,梁式芝書院,,,,,,,,,Y,,,,,,,,,
KL5,KT,512842,瑪利諾中學,,,,,,,,Y,Y,,,,,,,,,
KL5,KT,214957,基督教聖約教會堅樂中學,,,,,,,,,Y,,,,,,,,,
KL5,KT,133477,慕光英文書院,,,,,,,Y,Y,Y,,,,,,,Y,Y,
KL5,KT,214477,寧波公學,,,,,,,,,Y,,,,,,,,,
KL5,KT,170984,寧波第二中學,,,,,,,Y,,Y,,,,,,,,,
KL5,KT,170925,新生命教育協會呂郭碧鳳中學,,,,,,,,,Y,,,,,,,,,
KL5,KT,170429,天主教普照中學,,,,,,,,,Y,,,,,,,,,
KL5,KT,170968,順利天主教中學,,,,,,,,,Y,,,,,,,,,
KL5,KT,170445,聖言中學,,,,,,,,,Y,,,,,,,,,
KL5,KT,170720,聖公會基孝中學,,,,,,,,,Y,,,,,,,,,
KL5,KT,214990,聖公會梁季彜中學,,,,,,,,,Y,,,,,,,,,
KL5,KT,170410,聖安當女書院,,,,,,,,,Y,,,,,,,,,
KL5,KT,170321,聖傑靈女子中學,,,,,,,,,Y,,,,,,,,Y,
KL5,KT,170844,聖若瑟英文中學,,,,,,,Y,,Y,,,,,,,,,
KL5,KT,170488,藍田聖保祿中學,,,,,,,,,Y,,,,,,,,,
KL5,KT,170933,香港道教聯合會青松中學,,,,,,,Y,,Y,,,,,,,,,
KL5,KT,541842,仁濟醫院羅陳楚思中學,,,,,,,,,Y,,,,,,,,,
NT1,KwT,190101,佛教善德英文中學,,,,,,,,,,Y,Y,,,,,,,Y
NT1,KwT,214965,佛教葉紀南紀念中學,,,,,,Y,,,,Y,,,,,,,,Y
NT1,KwT,285285,明愛聖若瑟中學,,,,,,Y,,,,Y,,,,,,,,Y
NT1,KwT,190357,迦密愛禮信中學,,,,,,Y,,,,Y,,,,,,,,Y
NT1,KwT,113840,中華基督教會全完中學,,,,,,,,,,Y,,,,,,,,Y
NT1,KwT,170763,中華基督教會燕京書院,,,,,,Y,,,,Y,,,,,,,,
NT1,KwT,114111,中華傳道會安柱中學,,,,,,,,,,Y,,,,,,,,
NT1,KwT,190225,中華傳道會李賢堯紀念中學,,,,,,Y,,,,Y,,,,,,,,Y
NT1,KwT,284939,棉紡會中學,,,,,,Y,,,,Y,,,,,,,,Y
NT1,KwT,113794,天主教母佑會蕭明中學,,,,,,Y,,,,Y,,,,,,,,Y
NT1,KwT,230901,香港四邑商工總會陳南昌紀念中學,,,,,,Y,,,,Y,,,,,,,,Y
NT1,KwT,230421,香港道教聯合會圓玄學院第一中學,,,,,,Y,,,,Y,Y,,,,,,,Y
NT1,KwT,230936,裘錦秋中學（葵涌）,,,,,,Y,,,,Y,Y,,,,,,,
NT1,KwT,230430,葵涌蘇浙公學,,,,,,Y,,,,Y,Y,,,,,,,Y
NT1,KwT,230855,葵涌循道中學,,,,,,Y,,,,Y,,,,,,,,Y
NT1,KwT,230863,荔景天主教中學,,,,,,Y,,,,Y,,,,,,,,Y
NT1,KwT,230758,嶺南鍾榮光博士紀念中學,,,,,,Y,,,,Y,,,,,,,,Y
NT1,KwT,519006,獅子會蔣翠琼中學,,,,,,Y,,,,Y,,,,,,,,Y
NT1,KwT,230766,樂善堂顧超文中學,,,,,,,,,,Y,,,,,,,,
NT1,KwT,190535,樂善堂梁植偉紀念中學,,,,,,Y,,,,Y,,,,,,,,Y
NT1,KwT,190489,保良局羅傑承（一九八三）中學,,,,,,,,,,Y,,,,,,,,Y
NT1,KwT,114081,保祿六世書院,,,,,,Y,,,,Y,,,,,,,,Y
NT1,KwT,190632,皇仁舊生會中學,,,,,,Y,,,,Y,Y,,,,,,,Y
NT1,KwT,190055,天主教慈幼會伍少梅中學,,,,,,Y,,,,Y,Y,,,,,,,Y
NT1,KwT,230456,石籬天主教中學,,,,,,,,,,Y,Y,,,,,,,
NT1,KwT,170542,聖公會林護紀念中學,,,,,,Y,,,,Y,,,,,,,,
NT1,KwT,230740,順德聯誼總會李兆基中學,,,,,,Y,,,,Y,,,,,,,,Y
NT1,KwT,230472,李惠利中學,,,,,,Y,,,,Y,,,,,,,,Y
NT1,KwT,190110,東華三院陳兆民中學,,,,,,,,,,Y,,,,,,,,Y
NT1,KwT,190136,東華三院伍若瑜夫人紀念中學,,,,,,Y,,,,Y,Y,,,,,,,
NT1,KwT,190500,東華三院吳祥川紀念中學,,,,,,Y,,,,Y,,,,,,,,Y
NT2,TW,230910,博愛醫院歷屆總理聯誼會梁省德中學,,,,,,,,,,,Y,,,,,,,
NT2,TW,190098,可風中學（嗇色園主辦）,,,,,,,,,,Y,Y,,,,,,,
NT2,TW,190462,廖寶珊紀念書院,,,,,,,,,,,Y,,,,,,,
NT2,TW,230847,路德會呂明才中學,,,,,,,,,,,Y,,,,,,,
NT2,TW,190330,保良局李城璧中學,,,,,,,,,,,Y,,,,,,,
NT2,TW,190349,保良局姚連生中學,,,,,,,,,,,Y,,,,,,,
NT2,TW,230898,寶安商會王少清中學,,,,,,,,,,,Y,,,,,,,
NT2,TW,230871,聖公會李炳中學,,,,,,,,,,Y,Y,,,,,,,
NT2,TW,190012,荃灣聖芳濟中學,,,,,,,,,,,Y,,,,,,,
NT2,TW,270067,紡織學會美國商會胡漢輝中學,,,,,,,,,,,Y,,,,,,,
NT2,TW,510467,荃灣官立中學,,,,,,Y,,,,,Y,,,,,,,
NT2,TW,190144,荃灣公立何傳耀紀念中學,,,,,,,,,,,Y,,,,,Y,,
NT2,TW,190306,仁濟醫院林百欣中學,,,,,,,,,,,Y,,,,,,,
NT3,TM,518360,浸信會永隆中學,,,,,,,,,,,,Y,,,,,,
NT3,TM,230782,佛教沈香林紀念中學,,,,,,,,,,,,Y,,,,,,Y
NT3,TM,270032,明愛屯門馬登基金中學,,,,,,,,,,,,Y,,,,,,Y
NT3,TM,190411,迦密唐賓南紀念中學,,,,,,,,,,,,Y,,,,,,
NT3,TM,230120,中華基督教會何福堂書院,,,,,,,,,,,,Y,,,,,,
NT3,TM,270202,中華基督教會譚李麗芬紀念中學,,,,,,,,,,,,Y,,,,,,Y
NT3,TM,530778,青松侯寶垣中學,,,,,,,,,,,,Y,,,,,,Y
NT3,TM,311103,宣道中學,,,,,,,,,,,,Y,,,,,,
NT3,TM,190160,香港九龍塘基督教中華宣道會陳瑞芝紀念中學,,,,,,,,,,,,Y,,,,,,
NT3,TM,270075,廠商會蔡章閣中學,,,,,,,,,,,,Y,,,,,,Y
NT3,TM,511617,鐘聲慈善社胡陳金枝中學,,,,,,,,,,,,Y,,,,,,Y
NT3,TM,190551,香海正覺蓮社佛教梁植偉中學,,,,,,,,,,,,Y,,,,,,Y
NT3,TM,270105,嗇色園主辦可藝中學,,,,,,,,,,,,Y,,,,,,Y
NT3,TM,230928,裘錦秋中學﹝屯門﹞,,,,,,,,,,,,Y,,,,,,Y
NT3,TM,190284,路德會呂祥光中學,,,,,,,,,,,,Y,,,,,,
NT3,TM,190063,妙法寺劉金龍中學,,,,,,,,,,,,Y,,,,,,
NT3,TM,530352,新生命教育協會平安福音中學,,,,,,,,,,,,Y,,,,,,Y
NT3,TM,132918,加拿大神召會嘉智中學,,,,,,,,,,,,Y,,,,,,Y
NT3,TM,230774,保良局百周年李兆忠紀念中學,,,,,,,,,,,,Y,,,,,,
NT3,TM,190586,保良局董玉娣中學,,,,,,,,,,,,Y,,,,,,
NT3,TM,190691,新會商會中學,,,,,,,,,,,,Y,,,,,,Y
NT3,TM,510599,深培中學,,,,,,,,,,,,Y,,,,,,
NT3,TM,190071,聖公會聖西門呂明才中學,,,,,,,,,,,,Y,,,,,,Y
NT3,TM,521981,馬錦明慈善基金馬可賓紀念中學,,,,,,,,,,,,Y,,,,,,
NT3,TM,510661,南屯門官立中學,,,,,,,,,,,,Y,,,,,,
NT3,TM,190233,順德聯誼總會梁銶琚中學,,,,,,,,,,,,Y,,,,,,
NT3,TM,190179,順德聯誼總會譚伯羽中學,,,,,,,,,,,,Y,,,,,,
NT3,TM,210137,崇真書院,,,,,,,,,,,,Y,,,,,,
NT3,TM,190624,屯門天主教中學,,,,,,,,,,,,Y,,,,,,Y
NT3,TM,510297,屯門官立中學,,,,,,,,,,,,Y,,,,,,
NT3,TM,523208,東華三院鄺錫坤伉儷中學,,,,,,,,,,Y,Y,Y,Y,,,,,
NT3,TM,190292,東華三院辛亥年總理中學,,,,,,,,,,,,Y,,,,,,
NT3,TM,190381,東華三院邱子田紀念中學,,,,,,,,,,,,Y,,,,,,Y
NT3,TM,191671,仁濟醫院第二中學,,,,,,,,,,,,Y,,,,,,Y
NT3,TM,190640,仁愛堂田家炳中學,,,,,,,,,,,,Y,,,,,,
NT3,TM,190454,仁愛堂陳黃淑芳紀念中學,,,,,,,,,,,,Y,,,,,,
NT3,TM,190594,恩平工商會李琳明中學,,,,,,,,,,,,Y,,,,,,Y
NT4,YL,511170,伯特利中學,,,,,,,,,,,,,Y,Y,,,,
NT4,YL,524530,佛教茂峰法師紀念中學,,,,,,,,,,,,,Y,Y,,,,
NT4,YL,270156,明愛元朗陳震夏中學,,,,,,,,,,,,,Y,Y,,,,
NT4,YL,545228,中華基督教會方潤華中學,,,,,,,,,,,,,Y,Y,,,,
NT4,YL,190250,中華基督教會基朗中學,,,,,,,,,,,,,Y,Y,,,,
NT4,YL,190241,中華基督教會基元中學,,,,,,,,,,,,,Y,Y,,,,
NT4,YL,510491,趙聿修紀念中學,,,,,,,,,,,,,Y,Y,,,,
NT4,YL,190837,香港中文大學校友會聯會張煊昌中學,,,,,,,,,,,,,Y,Y,,,,
NT4,YL,560499,金巴崙長老會耀道中學,,,,,,,,,,,,,Y,Y,,,,
NT4,YL,170801,路德會西門英才中學,,,,,,,,,,,,,Y,Y,,,,
NT4,YL,541532,天水圍香島中學,,,,,,,,,,,,Y,Y,Y,Y,,,
NT4,YL,190888,香港管理專業協會羅桂祥中學,,,,,,,,,,,,,Y,Y,,,,
NT4,YL,190799,可道中學（嗇色園主辦）,,,,,,,,,,,,,Y,Y,,,,
NT4,YL,529788,賽馬會萬鈞毅智書院,,,,,,,,,,,,,Y,Y,,,,
NT4,YL,230286,裘錦秋中學（元朗）,,,,,,,,,,,,,Y,Y,,,,
NT4,YL,230030,萬鈞伯裘書院,,,,,,,,,,,,,Y,,Y,,,
NT4,YL,510165,新界鄉議局元朗區中學,,,,,,,,,,,,Y,Y,Y,,,,
NT4,YL,190659,博愛醫院鄧佩瓊紀念中學,,,,,,,,,,,,,Y,Y,,,,
NT4,YL,510580,天主教培聖中學,,,,,,,,,,,,,Y,Y,,,,
NT4,YL,518387,伊利沙伯中學舊生會中學,,,,,,,,,,,,,Y,Y,,,,
NT4,YL,560480,伊利沙伯中學舊生會湯國華中學,,,,,,,,,,,,,Y,Y,,,,
NT4,YL,230057,天主教崇德英文書院,,,,,,,,,,,,,Y,Y,,,,
NT4,YL,190470,聖公會白約翰會督中學,,,,,,,,,,,,,Y,Y,,,,
NT4,YL,518417,十八鄉鄉事委員會公益社中學,,,,,,,,,,,,,Y,Y,,,,
NT4,YL,541168,順德聯誼總會翁祐中學,,,,,,,,,,,,,Y,Y,,,,
NT4,YL,151335,基督教香港信義會元朗信義中學,,,,,,,,,,,,,Y,Y,,,,
NT4,YL,510270,天水圍官立中學,,,,,,,,,,,,,Y,Y,,,,
NT4,YL,536580,天水圍循道衞理中學,,,,,,,,,,,,,Y,Y,,,,
NT4,YL,250740,東華三院馬振玉紀念中學,Y,Y,Y,Y,Y,Y,Y,Y,Y,Y,Y,Y,Y,Y,Y,Y,Y,Y
NT4,YL,517011,東華三院郭一葦中學,,,,,,,,,,,,,Y,Y,,,,
NT4,YL,190578,東華三院盧幹庭紀念中學,,,,,,,,,,,,,Y,Y,,,,
NT4,YL,152196,圓玄學院妙法寺內明陳呂重德紀念中學,,,,,,,,,,,,,Y,Y,,,,
NT4,YL,529761,元朗公立中學校友會鄧兆棠中學,,,,,,,,,,,,,Y,Y,,,,
NT4,YL,516970,元朗天主教中學,,,,,,,,,,,,,Y,Y,,,,
NT4,YL,230510,元朗商會中學,,,,,,,,,,,,,Y,Y,,,,
NT4,YL,510483,元朗公立中學,,,,,,,,,,,,,Y,Y,,,,
NT5,N,270148,明愛粉嶺陳震夏中學,,,,,,,,,,,,,,Y,Y,,,
NT5,N,113182,中華基督教會基新中學,,,,,,,,,,,,,,Y,,,,
NT5,N,524557,宣道會陳朱素華紀念中學,,,,,,,,,,,,,,Y,,,,
NT5,N,190020,新界喇沙中學,,,,,,,,,,,,,,Y,,,,
NT5,N,545198,風采中學（教育評議會主辦）,,,,,,,,,,,,,,Y,,,,
NT5,N,510041,粉嶺官立中學,,,,,,,,,,,,,,Y,Y,,,
NT5,N,536539,粉嶺救恩書院,,,,,,,,,,,,,,Y,,,,
NT5,N,151807,基督教香港信義會心誠中學,,,,,,,,,,,,,,Y,Y,,,
NT5,N,530034,粉嶺禮賢會中學,,,,,,,,,,,,,,Y,,,,
NT5,N,518379,鳳溪廖萬石堂中學,,,,,,,,,,,,,,Y,,,,
NT5,N,511854,鳳溪第一中學,,,,,,,,,,,,,,Y,,,,
NT5,N,190845,香海正覺蓮社佛教馬錦燦紀念英文中學,,,,,,,,,,,,,,Y,,,,
NT5,N,190420,香港道教聯合會鄧顯紀念中學,,,,,,,,,,,,,,Y,,,,
NT5,N,517020,保良局馬錦明中學,,,,,,,,,,,,,,Y,,,,
NT5,N,510645,上水官立中學,,,,,,,,,,,,,,Y,Y,,,
NT5,N,190721,聖公會陳融中學,,,,,,,,,,,,,,Y,,,,
NT5,N,170771,聖芳濟各書院,,,,,,,,,,,,,,Y,,,,
NT5,N,190870,田家炳中學,,,,,,,,,,,,,,Y,,,,
NT5,N,190373,東華三院甲寅年總理中學,,,,,,,,,,,,,,Y,,,,
NT5,N,190403,東華三院李嘉誠中學,,,,,,,,,,,,,,Y,,,,
NT6,TP,212318,神召會康樂中學,,,,,,,,,,,,,,Y,Y,,,
NT6,TP,190748,佛教大光慈航中學,,,,,,,,,,,,,,Y,Y,,,
NT6,TP,524573,迦密聖道中學,,,,,,,,,,,,,,Y,Y,,,
NT6,TP,230880,迦密柏雨中學,,,,,,,,,,,,,,Y,Y,,,
NT6,TP,270130,中華基督教會馮梁結紀念中學,,,,,,,,,,,,,,Y,Y,,,
NT6,TP,524549,中華聖潔會靈風中學,,,,,,,,,,,,,,Y,Y,,,
NT6,TP,190810,孔教學院大成何郭佩珍中學,,,,,,,,,,,,,,Y,Y,,,
NT6,TP,190896,香港教師會李興貴中學,,,,,,,,,,,,,,Y,Y,,,
NT6,TP,545201,港九街坊婦女會孫方中書院,,,,,,,,,,,,,,Y,Y,,,
NT6,TP,190730,香港紅卍字會大埔卍慈中學,,,,,,,,,,,,,,Y,Y,,,
NT6,TP,190683,香港道教聯合會圓玄學院第二中學,,,,,,,,,,,,,,Y,Y,,,
NT6,TP,210129,救恩書院,,,,,,,,,,,,,,Y,Y,,,
NT6,TP,529656,靈糧堂劉梅軒中學,,,,,,,,,,,,,,Y,Y,,,
NT6,TP,510556,新界鄉議局大埔區中學,,,,,,,,,,,,,,Y,Y,,,
NT6,TP,190446,南亞路德會沐恩中學,,,,,,,,,,,,,,Y,Y,,,
NT6,TP,190080,聖公會莫壽增會督中學,,,,,,,,,,,,,,Y,Y,,,
NT6,TP,150894,大埔三育中學,,,,,,,,,,,,,,Y,Y,,,
NT6,TP,114120,恩主教書院,,,,,,,,,,,,,,Y,Y,,,
NT6,TP,112810,王肇枝中學,,,,,,,,,,,,,,Y,Y,,,
NT7,ST,230820,浸信會呂明才中學,,,,,,,,,,,,,,,,Y,,
NT7,ST,190217,佛教覺光法師中學,,,,,,,,,,,,,,,,Y,,
NT7,ST,190268,佛教黃允畋中學,,,,,,,,,,,,,,,,Y,,
NT7,ST,523305,明愛馬鞍山中學,Y,Y,Y,Y,Y,Y,Y,Y,Y,Y,Y,Y,Y,Y,Y,Y,Y,Y
NT7,ST,210390,青年會書院,,,,,,,,,,,,,,,,Y,,
NT7,ST,190616,潮州會館中學,,,,,,,,,,,,,,,,Y,,
NT7,ST,132764,基督書院,,,,,,,,,,,,,,,,Y,,
NT7,ST,190497,香港九龍塘基督教中華宣道會鄭榮之中學,,,,,,,,,,,,,,,,Y,,
NT7,ST,535761,香港中文大學校友會聯會陳震夏中學,,,,,,,,,,,,,,,,Y,,
NT7,ST,190519,東莞工商總會劉百樂中學,,,,,,,,,,,,,,,,Y,,
NT7,ST,510076,梁文燕紀念中學（沙田）,,,,,,,,,,,,,,,,Y,,
NT7,ST,190802,香港中國婦女會馮堯敬紀念中學,,,,,,,,,,,,,,,,Y,,
NT7,ST,190195,聖母無玷聖心書院,,,,,,,,,,,,,,,,Y,,
NT7,ST,230804,沙田蘇浙公學,,,,,,,,,,,Y,,,,,Y,,
NT7,ST,190667,天主教郭得勝中學,,,,,,,,Y,,,,,,,,Y,,
NT7,ST,133078,樂道中學,,,,,,Y,,,,,,,,,,Y,,
NT7,ST,190756,樂善堂楊葛小琳中學,,,,,,,,,,,,,,,,Y,,
NT7,ST,518310,馬鞍山聖若瑟中學,,,,,,,,,,,,,,,,Y,,
NT7,ST,190772,馬鞍山崇真中學,,,,,,,,Y,,,,,,,,Y,,
NT7,ST,513067,五育中學,,,,,,,,,,,,,,,,Y,,
NT7,ST,190438,五旬節林漢光中學,,,,,,Y,,,,,,,,,,Y,,
NT7,ST,270083,保良局朱敬文中學,,,,,,,,,,,,,,,,Y,,
NT7,ST,170755,保良局胡忠中學,,,,,Y,,,,,,,,,,,Y,,
NT7,ST,190764,博愛醫院陳楷紀念中學,,,,,,,,,,,,,,,,Y,,
NT7,ST,510610,沙田官立中學,,,,,,Y,,,,,,,,,,Y,,
NT7,ST,190187,沙田循道衞理中學,,,,,,,,,,,,,,,,Y,,
NT7,ST,230839,沙田培英中學,,,,,,Y,,,,,,,,,,Y,,
NT7,ST,190527,沙田崇真中學,,,,,,,,,,,,,,,,Y,,
NT7,ST,190209,聖公會林裘謀中學,,,,,,,,,,,,,,,,Y,,
NT7,ST,230790,聖公會曾肇添中學,,,,,,,,,,,,,,,,Y,,
NT7,ST,530689,聖羅撒書院,,,,,,,Y,,,,,,,,,Y,,
NT7,ST,190390,台山商會中學,,,,,,,,,,,,,,,,Y,,
NT7,ST,190780,曾璧山（崇蘭）中學,,,,,,,,,,,,,,,,Y,,
NT7,ST,230812,東華三院馮黃鳳亭中學,,,,,,,,,,,,,,,,Y,,
NT7,ST,170780,東華三院黃鳳翎中學,,,,,,,,,,,,,,,,Y,,
NT7,ST,270091,東華三院邱金元中學,,,,,,,,,,,,,,,,Y,,
NT7,ST,270180,仁濟醫院董之英紀念中學,,,,,,,,,,,,,,,,Y,,
NT8,SK,530247,基督教宣道會宣基中學,,,,,,,,,,,,,,,,,Y,
NT8,SK,190560,迦密主恩中學,,,,,,,,,,,,,,,,,Y,
NT8,SK,316628,天主教鳴遠中學,,,,,,,,Y,,,,,,,,,Y,
NT8,SK,190152,新界西貢坑口區鄭植之中學,,,,,,,,Y,,,,,,,,,Y,
NT8,SK,552666,香海正覺蓮社佛教正覺中學,,,,,,,,,,,,,,,,,Y,
NT8,SK,311863,港澳信義會慕德中學,,,,,,,,Y,,,,,,,,,Y,
NT8,SK,524808,香港道教聯合會圓玄學院第三中學,,,,,,,,,,,,,,,,,Y,
NT8,SK,190853,景嶺書院,,,,,,,,,,,,,,,,,Y,
NT8,SK,524816,馬錦明慈善基金馬陳端喜紀念中學,,,,,,,,,,,,,,,,,Y,
NT8,SK,537152,寶覺中學,,,,,,,,,,,,,,,,,Y,
NT8,SK,270199,保良局甲子何玉清中學,,,,,,,,,,,,,,,,,Y,
NT8,SK,530450,博愛醫院八十週年鄧英喜中學,,,,,,,,,,,,,,,,,Y,
NT8,SK,514330,西貢崇真天主教學校（中學部）,,,,,,,,Y,,,,,,,,,Y,
NT8,SK,522090,順德聯誼總會鄭裕彤中學,,,,,,,,,,,,,,,,,Y,
NT8,SK,510700,將軍澳官立中學,,,,,,,,,,,,,,,,,Y,
NT8,SK,516988,東華三院呂潤財紀念中學,,,,,,,,,,,,,,,,,Y,
NT8,SK,522155,威靈頓教育機構張沛松紀念中學,,,,,,,,,,,,,,,,,Y,
NT8,SK,518409,仁濟醫院靚次伯紀念中學,,,,,,,,Y,,,,,,,,,Y,
NT8,SK,530441,仁濟醫院王華湘中學,,,,,,,,,,,,,,,,,Y,
NT9,I,283495,明愛胡振中書院,,,,,,,,,,,,,,,,,,Y
NT9,I,552917,香港教育工作者聯會黃楚標中學,,,,,,,,,,,,,,,,,,Y
NT9,I,522074,嗇色園主辦可譽中學暨可譽小學,,,,,,,,,,,,,,,,,,Y
NT9,I,545147,靈糧堂怡文中學,,,,,,,,,,,,,,,,,,Y
NT9,I,522058,保良局馬錦明夫人章馥仙中學,,,,,,,,,,,,,,,,,,Y
NT9,I,536547,東涌天主教學校,,,,,,,,,,,,,,,,,,Y
