分區,所有級別,中一, 中二, 中三, 中四, 中五, 中六, 中七
所有分區,347820,59976,62718,61309,57297,53225,50311,2984
香港島,60709,10827,11062,10502,9613,8813,8349,1543
中西區,11082,2046,2004,1931,1802,1611,1445,243
灣仔,11017,2014,2071,1893,1784,1629,1505,121
東區,21544,3726,3961,3799,3431,3220,3156,251
南區,17066,3041,3026,2879,2596,2353,2243,928
九龍,109180,18681,19661,19184,18166,16816,15986,686
深水埗,20961,3805,3858,3780,3392,3157,2886,83
油尖旺,13484,2210,2293,2191,2278,2180,2310,22
九龍城,31824,5620,5765,5606,5214,4795,4400,424
黃大仙,16018,2719,2959,2897,2699,2421,2323,-
觀塘,26893,4327,4786,4710,4583,4263,4067,157
新界,177931,30468,31995,31623,29518,27596,25976,755
荃灣,9336,1618,1659,1654,1574,1445,1381,5
屯門,23917,4038,4324,4377,3963,3633,3453,129
元朗,29087,4801,5161,5128,4846,4635,4516,-
北區,19043,3230,3371,3332,3306,3021,2742,41
大埔,15328,2728,2817,2740,2498,2338,2173,34
沙田,34998,6061,6185,6074,5772,5435,5076,395
西貢,18592,3263,3447,3318,3027,2841,2676,20
離島,6584,1151,1202,1194,1070,970,866,131
葵青,21046,3578,3829,3806,3462,3278,3093,-