組別編號,學校名稱,區域,備註
1,天水圍循道衛理小學,元朗,
1,天水圍循道衛理中學,元朗,
2,順德聯誼總會伍冕端小學,元朗,
2,順德聯誼總會翁祐中學,元朗,
3,靈糧堂秀德小學,離島,
3,靈糧堂怡文中學,離島,
4,中華基督教會灣仔堂基道小學(九龍城),九龍城,
4,中華基督教會基道中學,九龍城,
5,東涌天主教學校,離島,
6,金巴崙長老會耀道小學,元朗,
6,金巴崙長老會耀道中學,元朗,
7,嗇色園主辦可譽中學暨可譽小學,離島,
8,西貢崇真天主教學校(小學部),西貢,
8,西貢崇真天主教學校(中學部),西貢,
9,香海正覺蓮社佛教黃藻森學校,西貢,
9,香海正覺蓮社佛教正覺中學,西貢,
10,香港教育工作者聯會黃楚標學校,離島,
10,香港教育工作者聯會黃楚標中學,離島,
11,天神嘉諾撒學校,九龍城,
11,嘉諾撒聖瑪利學校,油尖旺,
11,嘉諾撒聖瑪利書院,油尖旺,
12,伊利沙伯中學舊生會小學,元朗,
12,伊利沙伯中學舊生會小學分校,元朗,
12,伊利沙伯中學舊生會中學,元朗,
12,伊利沙伯中學舊生會湯國華中學,元朗,
13,新會商會學校,中西區,
13,新會商會陳白沙紀念中學,南區,
14,佛教黃焯菴小學,灣仔,
14,佛教黃鳳翎中學,灣仔,
15,港九街坊婦女會孫方中小學,大埔,
15,港九街坊婦女會孫方中書院,大埔,
